Prefix,Id,Name,Long Name,Short Name,ADIF DXCC Code,ADIF Region,Special ADIF Code,Combined ADIF Code,Source,Flag,Country Code,Continent,CQ Zones,Likely Prefixes,Original Worksheet Order,Original Worksheet Prefix,Original Worksheet Name,ADIF Name,LoTW Name,ClubLog Name,ClubLog Prefix,QRZ.com Name,Alternate Name 1,Alternate Name 2
1A,246,Sovereign Military Order of Malta,Sovereign Military Order of Malta,SMO of Malta,246,,,246,DXCC,,,EU,15,1A,1,1A0,Sov. Mil. Order of Malta,SOVEREIGN MILITARY ORDER OF MALTA,SOVEREIGN MILITARY ORDER OF MALTA,SOV MILITARY ORDER OF MALTA,1A0,SMO Malta,,
1S,247,Spratly Is.,Spratly Islands,Spratly Is.,247,,,247,DXCC,,,AS,26,,2,1S,Spratly Is.,SPRATLY IS.,SPRATLY ISLANDS,SPRATLY ISLANDS,1S,,Spratly,
3A,260,Monaco,Monaco,Monaco,260,,,260,DXCC,🇲🇨,mc,EU,14,3A,3,3A,Monaco,MONACO,MONACO,MONACO,3A,,,
3B6,4,Agalega and Saint Brandon Is.,Agalega and Saint Brandon Islands,Agalega & St. Brandon,4,,,4,DXCC,🇲🇺,mu,AF,39,"3B6, 3B7",4,"3B6, 7",Agalega & St. Brandon Is.,AGALEGA & ST. BRANDON IS.,AGALEGA & SAINT BRANDON ISLANDS,AGALEGA & SAINT BRANDON ISLANDS,3B7,Agalega and St Brandon,Agalega,
3B8,165,Mauritius,Mauritius,Mauritius,165,,,165,DXCC,🇲🇺,mu,AF,39,3B8,5,3B8,Mauritius,MAURITIUS,MAURITIUS,MAURITIUS,3B8,,,
3B9,207,Rodrigues I.,Rodrigues Island,Rodrigues I.,207,,,207,DXCC,🇲🇺,mu,AF,39,3B9,6,3B9,Rodrigues I.,RODRIGUEZ I.,RODRIGUES ISLAND,RODRIGUES ISLAND,3B9,Rodriguez Island,,
3C,49,Equatorial Guinea,Equatorial Guinea,Equatorial Guinea,49,,,49,DXCC,🇬🇶,gq,AF,36,3C,7,3C,Equatorial Guinea,EQUATORIAL GUINEA,EQUATORIAL GUINEA,EQUATORIAL GUINEA,3C,,,
3C0,195,Annobón,Annobón,Annobón,195,,,195,DXCC,🇬🇶,gq,AF,36,3C0,8,3C0,Annobon I.,ANNOBON I.,ANNOBÓN,ANNOBÓN,3C0,Annobon Island,,
3D2,176,Fiji,Fiji,Fiji,176,,,176,DXCC,🇫🇯,fj,OC,32,3D2,9,3D2,Fiji,FIJI,FIJI,FIJI,3D2,,,
3D2/c,489,Conway Reef,Conway Reef,Conway Reef,489,,,489,DXCC,🇫🇯,fj,OC,32,3D2,10,3D2,Conway Reef,CONWAY REEF,CONWAY REEF,CONWAY REEF,3D2/C,,Conway,
3D2/r,460,Rotuma I.,Rotuma Island,Rotuma I.,460,,,460,DXCC,🇫🇯,fj,OC,32,3D2,11,3D2,Rotuma I.,ROTUMA I.,ROTUMA ISLAND,ROTUMA ISLAND,3D2/R,Rotuma,,
3DA,468,Eswatini,Eswatini,Eswatini,468,,,468,DXCC,🇸🇿,sz,AF,38,3DA,12,3DA,eSwatini,SWAZILAND,ESWATINI,ESWATINI,3DA,,Swaziland,
3V,474,Tunisia,Tunisia,Tunisia,474,,,474,DXCC,🇹🇳,tn,AF,33,3V,13,3V,Tunisia,TUNISIA,TUNISIA,TUNISIA,3V,,,
3W,293,Viet Nam,Viet Nam,Viet Nam,293,,,293,DXCC,🇻🇳,vn,AS,26,"3W, XV",14,"3W,XV",Vietnam,VIET NAM,VIET NAM,VIET NAM,3W,Vietnam,,
3X,107,Guinea,Guinea,Guinea,107,,,107,DXCC,🇬🇳,gn,AF,35,3X,15,3X,Guinea,GUINEA,GUINEA,GUINEA,3XA,,,
3Y/b,24,Bouvet I.,Bouvet Island,Bouvet I.,24,,,24,DXCC,🇧🇻,bv,AF,38,3Y,16,3Y,Bouvet,BOUVET,BOUVET ISLAND,BOUVET ISLAND,3Y/B,,Bouvet,
3Y/p,199,Peter I I.,Peter I Island,Peter I I.,199,,,199,DXCC,🇧🇻,bv,AN,12,3Y,17,3Y,Peter I I.,PETER 1 I.,PETER I ISLAND,PETER I ISLAND,3Y/P,,,
4J,18,Azerbaijan,Azerbaijan,Azerbaijan,18,,,18,DXCC,🇦🇿,az,AS,21,"4J, 4K",18,"4J,4K",Azerbaijan,AZERBAIJAN,AZERBAIJAN,AZERBAIJAN,4J,,,
4L,75,Georgia,Georgia,Georgia,75,,,75,DXCC,🇬🇪,ge,AS,21,4L,19,4L,Georgia,GEORGIA,GEORGIA,GEORGIA,4L,,,
4O,514,Montenegro,Montenegro,Montenegro,514,,,514,DXCC,🇲🇪,me,EU,15,4O,20,4O,Montenegro,MONTENEGRO,MONTENEGRO,MONTENEGRO,4O,,,
4S,315,Sri Lanka,Sri Lanka,Sri Lanka,315,,,315,DXCC,🇱🇰,lk,AS,22,4S,21,4S,Sri Lanka,SRI LANKA,SRI LANKA,SRI LANKA,4S,,,
4U1I,117,ITU Headquarters,International Telecommunications Union Headquarters,ITU HQ,117,,,117,DXCC,🇺🇳,un,EU,14,4U,22,4U_ITU,ITU HQ (Geneva),ITU HQ,ITU HQ,ITU HQ,4U1ITU,ITU Geneva,ITU,
4U1U,289,UN Headquarters,United Nations Headquarters,UN HQ,289,,,289,DXCC,🇺🇳,un,NA,5,4U,23,4U_UN,United Nations HQ (NY),UNITED NATIONS HQ,UNITED NATIONS HEADQUARTERS,UNITED NATIONS HEADQUARTERS,4U1UN,United Nations,UN,
4U1V,901,UN Vienna Int. Center,United Nations Vienna International Center,UN Viena IC,206,IV,901,901,WAE,🇺🇳,at,EU,15,4U1V,24,4U_VIC,ITU Vienna Int'l Center,,AUSTRIA,AUSTRIA,,,ITU,ITU Vienna
4W,511,Timor-Leste,Timor-Leste,Timor-Leste,511,,,511,DXCC,🇹🇱,tl,OC,28,4W,25,4W,Timor – Leste,TIMOR-LESTE,TIMOR - LESTE,TIMOR-LESTE,4W,Timor Leste,,
4X,336,Israel,Israel,Israel,336,,,336,DXCC,🇮🇱,il,AS,20,"4X, 4Z",26,"4X,4Z",Israel,ISRAEL,ISRAEL,ISRAEL,4X,,,
5A,436,Libya,Libya,Libya,436,,,436,DXCC,🇱🇾,ly,AF,34,5A,27,5A,Libya,LIBYA,LIBYA,LIBYA,5A,,,
5B,215,Cyprus,Cyprus,Cyprus,215,,,215,DXCC,🇨🇾,cy,AS,20,"5B, C4, P3",28,"5B,C4,P3",Cyprus,CYPRUS,CYPRUS,CYPRUS,5B,,,
5H,470,Tanzania,Tanzania,Tanzania,470,,,470,DXCC,🇹🇿,tz,AF,37,"5H, 5I",29,5H-5I,Tanzania,TANZANIA,TANZANIA,TANZANIA,5H,,,
5N,450,Nigeria,Nigeria,Nigeria,450,,,450,DXCC,🇳🇬,ng,AF,35,5N,30,5N,Nigeria,NIGERIA,NIGERIA,NIGERIA,5N,,,
5R,438,Madagascar,Madagascar,Madagascar,438,,,438,DXCC,🇲🇬,mg,AF,39,5R,31,5R,Madagascar,MADAGASCAR,MADAGASCAR,MADAGASCAR,5R,,,
5T,444,Mauritania,Mauritania,Mauritania,444,,,444,DXCC,🇲🇷,mr,AF,35,5T,32,5T,Mauritania,MAURITANIA,MAURITANIA,MAURITANIA,5T,,,
5U,187,Niger,Niger,Niger,187,,,187,DXCC,🇳🇪,ne,AF,35,5U,33,5U,Niger,NIGER,NIGER,NIGER,5U,,,
5V,483,Togo,Togo,Togo,483,,,483,DXCC,🇹🇬,tg,AF,35,5V,34,5V,Togo,TOGO,TOGO,TOGO,5V7,,,
5W,190,Samoa,Samoa,Samoa,190,,,190,DXCC,🇼🇸,ws,OC,32,5W,35,5W,Samoa,SAMOA,SAMOA,SAMOA,5W,,,
5X,286,Uganda,Uganda,Uganda,286,,,286,DXCC,🇺🇬,ug,AF,37,5X,36,5X,Uganda,UGANDA,UGANDA,UGANDA,5X,,,
5Z,430,Kenya,Kenya,Kenya,430,,,430,DXCC,🇰🇪,ke,AF,37,"5Y, 5Z",37,5Y-5Z,Kenya,KENYA,KENYA,KENYA,5Z,,,
6W,456,Senegal,Senegal,Senegal,456,,,456,DXCC,🇸🇳,sn,AF,35,"6V, 6W",38,6V-6W,Senegal,SENEGAL,SENEGAL,SENEGAL,6W,,,
6Y,82,Jamaica,Jamaica,Jamaica,82,,,82,DXCC,🇯🇲,jm,NA,8,6Y,39,6Y,Jamaica,JAMAICA,JAMAICA,JAMAICA,6Y,,,
7O,492,Yemen,Yemen,Yemen,492,,,492,DXCC,🇾🇪,ye,AS,21,7O,40,7O,Yemen,YEMEN,YEMEN,YEMEN,7O,,,
7P,432,Lesotho,Lesotho,Lesotho,432,,,432,DXCC,🇱🇸,ls,AF,38,7P,41,7P,Lesotho,LESOTHO,LESOTHO,LESOTHO,7P,,,
7Q,440,Malawi,Malawi,Malawi,440,,,440,DXCC,🇲🇼,mw,AF,37,7Q,42,7Q,Malawi,MALAWI,MALAWI,MALAWI,7Q,,,
7X,400,Algeria,Algeria,Algeria,400,,,400,DXCC,🇩🇿,dz,AF,33,"7T, 7U, 7V, 7W, 7X, 7Y",43,7T-7Y,Algeria,ALGERIA,ALGERIA,ALGERIA,7X,,,
8P,62,Barbados,Barbados,Barbados,62,,,62,DXCC,🇧🇧,bb,NA,8,8P,44,8P,Barbados,BARBADOS,BARBADOS,BARBADOS,8P,,,
8Q,159,Maldives,Maldives,Maldives,159,,,159,DXCC,🇲🇻,mv,"AS, AF",22,8Q,45,8Q,Maldives,MALDIVES,MALDIVES,MALDIVES,8Q,,,
8R,129,Guyana,Guyana,Guyana,129,,,129,DXCC,🇬🇾,gy,SA,9,8R,46,8R,Guyana,GUYANA,GUYANA,GUYANA,8R,,,
9A,497,Croatia,Croatia,Croatia,497,,,497,DXCC,🇭🇷,hr,EU,15,9A,47,9A,Croatia,CROATIA,CROATIA,CROATIA,9A,,,
9G,424,Ghana,Ghana,Ghana,424,,,424,DXCC,🇬🇭,gh,AF,35,9G,48,9G,Ghana,GHANA,GHANA,GHANA,9G,,,
9H,257,Malta,Malta,Malta,257,,,257,DXCC,🇲🇹,mt,EU,15,9H,49,9H,Malta,MALTA,MALTA,MALTA,9H,,,
9J,482,Zambia,Zambia,Zambia,482,,,482,DXCC,🇿🇲,zm,AF,36,"9I, 9J",50,9I-9J,Zambia,ZAMBIA,ZAMBIA,ZAMBIA,9J,,,
9K,348,Kuwait,Kuwait,Kuwait,348,,,348,DXCC,🇰🇼,kw,AS,21,9K,51,9K,Kuwait,KUWAIT,KUWAIT,KUWAIT,9K,,,
9L,458,Sierra Leone,Sierra Leone,Sierra Leone,458,,,458,DXCC,🇸🇱,sl,AF,35,9L,52,9L,Sierra Leone,SIERRA LEONE,SIERRA LEONE,SIERRA LEONE,9L,,,
9M2,299,West Malaysia,West Malaysia,W. Malaysia,299,,,299,DXCC,🇲🇾,my,AS,28,"9M2, 9M4",53,"9M2,4",West Malaysia,WEST MALAYSIA,WEST MALAYSIA,WEST MALAYSIA,9M2,,,
9M6,46,East Malaysia,East Malaysia,E. Malaysia,46,,,46,DXCC,🇲🇾,my,OC,28,"9M6, 9M8",54,"9M6,8",East Malaysia,EAST MALAYSIA,EAST MALAYSIA,EAST MALAYSIA,9M6,,,
9N,369,Nepal,Nepal,Nepal,369,,,369,DXCC,🇳🇵,np,AS,22,9N,55,9N,Nepal,NEPAL,NEPAL,NEPAL,9N,,,
9Q,414,DR of Congo-Kinshasa,Democratic Republic of the Congo,DR Congo-Kinshasa,414,,,414,DXCC,🇨🇩,cd,AF,36,"9Q, 9R, 9S, 9T",56,9Q-9T,Dem. Rep. of Congo,DEMOCRATIC REPUBLIC OF THE CONGO,DEMOCRATIC REPUBLIC OF THE CONGO,DEMOCRATIC REPUBLIC OF THE CONGO,9Q,"Congo, Dem. Republic of",DR Congo,Congo Kinshasa
9U,404,Burundi,Burundi,Burundi,404,,,404,DXCC,🇧🇮,bi,AF,36,9U,57,9U,Burundi,BURUNDI,BURUNDI,BURUNDI,9U,,,
9V,381,Singapore,Singapore,Singapore,381,,,381,DXCC,🇸🇬,sg,AS,28,9V,58,9V,Singapore,SINGAPORE,SINGAPORE,SINGAPORE,9V,,,
9X,454,Rwanda,Rwanda,Rwanda,454,,,454,DXCC,🇷🇼,rw,AF,36,9X,59,9X,Rwanda,RWANDA,RWANDA,RWANDA,9X,,,
9Y,90,Trinidad and Tobago,Trinidad and Tobago,Trinidad & Tobago,90,,,90,DXCC,🇹🇹,tt,SA,9,"9Y, 9Z",60,9Y-9Z,Trinidad & Tobago,TRINIDAD & TOBAGO,TRINIDAD AND TOBAGO,TRINIDAD AND TOBAGO,9Y,,Trinidad,
A2,402,Botswana,Botswana,Botswana,402,,,402,DXCC,🇧🇼,bw,AF,38,A2,61,A2,Botswana,BOTSWANA,BOTSWANA,BOTSWANA,A2,,,
A3,160,Tonga,Tonga,Tonga,160,,,160,DXCC,🇹🇴,to,OC,32,A3,62,A3,Tonga,TONGA,TONGA,TONGA,A3,,,
A4,370,Oman,Oman,Oman,370,,,370,DXCC,🇴🇲,om,AS,21,A4,63,A4,Oman,OMAN,OMAN,OMAN,A4,,,
A5,306,Bhutan,Bhutan,Bhutan,306,,,306,DXCC,🇧🇹,bt,AS,22,A5,64,A5,Bhutan,BHUTAN,BHUTAN,BHUTAN,A5,,,
A6,391,United Arab Emirates,United Arab Emirates,United Arab Emirates,391,,,391,DXCC,🇦🇪,ae,AS,21,A6,65,A6,United Arab Emirates,UNITED ARAB EMIRATES,UNITED ARAB EMIRATES,UNITED ARAB EMIRATES,A6,,UAE,
A7,376,Qatar,Qatar,Qatar,376,,,376,DXCC,🇶🇦,qa,AS,21,A7,66,A7,Qatar,QATAR,QATAR,QATAR,A7,,,
A9,304,Bahrain,Bahrain,Bahrain,304,,,304,DXCC,🇧🇭,bh,AS,21,A9,67,A9,Bahrain,BAHRAIN,BAHRAIN,BAHRAIN,A9,,,
AP,372,Pakistan,Pakistan,Pakistan,372,,,372,DXCC,🇵🇰,pk,AS,21,AP,68,AP,Pakistan,PAKISTAN,PAKISTAN,PAKISTAN,AP,,,
BS7,506,Scarborough Reef,Scarborough Shoal,Scarborough Shoal,506,,,506,DXCC,🇨🇳,cn,AS,27,BS7,69,BS7,Scarborough Reef,SCARBOROUGH REEF,SCARBOROUGH SHOAL,SCARBOROUGH SHOAL,BS7H,Scarborough Reef,Scarborough,
BV,386,Taiwan,Taiwan,Taiwan,386,,,386,DXCC,🇹🇼,tw,AS,24,"BU, BV, BW, BX",70,BU-BX,Taiwan,TAIWAN,TAIWAN,TAIWAN,BU,,,
BV9P,505,Pratas I.,Pratas Island,Pratas I.,505,,,505,DXCC,🇹🇼,tw,AS,24,BV9P,71,BV9P,Pratas I.,PRATAS I.,PRATAS ISLAND,PRATAS ISLAND,BV9P,,Pratas,
BY,318,China,China,China,318,,,318,DXCC,🇨🇳,cn,AS,"23, 24",B,72,B,China,CHINA,CHINA,CHINA,BY,,,
C2,157,Nauru,Nauru,Nauru,157,,,157,DXCC,🇳🇷,nr,OC,31,C2,73,C2,Nauru,NAURU,NAURU,NAURU,C21,,,
C3,203,Andorra,Andorra,Andorra,203,,,203,DXCC,🇦🇩,ad,EU,14,C3,74,C3,Andorra,ANDORRA,ANDORRA,ANDORRA,C31,,,
C5,422,The Gambia,The Gambia,The Gambia,422,,,422,DXCC,🇬🇲,gm,AF,35,C5,75,C5,The Gambia,THE GAMBIA,THE GAMBIA,THE GAMBIA,C5,,Gambia,
C6,60,Bahamas,Bahamas,Bahamas,60,,,60,DXCC,🇧🇸,bs,NA,8,C6,76,C6,Bahamas,BAHAMAS,BAHAMAS,BAHAMAS,C6A,,,
C9,181,Mozambique,Mozambique,Mozambique,181,,,181,DXCC,🇲🇿,mz,AF,37,"C8, C9",77,C8-9,Mozambique,MOZAMBIQUE,MOZAMBIQUE,MOZAMBIQUE,C9,,,
CE,112,Chile,Chile,Chile,112,,,112,DXCC,🇨🇱,cl,SA,12,"CA, CB, CC, CD, CE",78,CA-CE,Chile,CHILE,CHILE,CHILE,CE,,,
CE0X,217,San Felix Is.,San Felix Islands,San Felix Is.,217,,,217,DXCC,🇨🇱,cl,SA,12,CE0,81,CE0X,San Felix & San Ambrosio,SAN FELIX & SAN AMBROSIO,SAN FELIX ISLAND,SAN FELIX ISLANDS,CE0X,San Felix,,
CE0Y,47,Easter I.,Easter Island,Easter I.,47,,,47,DXCC,🇨🇱,cl,SA,12,CE0,79,CE0Y,Easter I.,EASTER I.,EASTER ISLAND,EASTER ISLAND,CE0Y,,Easter,
CE0Z,125,Juan Fernández Is.,Juan Fernández Islands,Juan Fernández Is.,125,,,125,DXCC,🇨🇱,cl,SA,12,CE0,80,CE0Z,Juan Fernandez Is.,JUAN FERNANDEZ IS.,JUAN FERNÁNDEZ ISLANDS,JUAN FERNÁNDEZ ISLANDS,CE0Z,Juan Fernandez Islands,Juan Fernandez,
CE9,13,Antarctica,Antarctica,Antarctica,13,,,13,DXCC,🇦🇶,aq,AN,"12, 13, 29, 30, 32, 38, 39",*,82,CE9/KC4,Antarctica,ANTARCTICA,ANTARCTICA,ANTARCTICA,CE9,,,
CM,70,Cuba,Cuba,Cuba,70,,,70,DXCC,🇨🇺,cu,NA,8,"CM, CO",83,"CM,CO",Cuba,CUBA,CUBA,CUBA,CO,,,
CN,446,Morocco,Morocco,Morocco,446,,,446,DXCC,🇲🇦,ma,AF,33,CN,84,CN,Morocco,MOROCCO,MOROCCO,MOROCCO,CN,,,
CP,104,Bolivia,Bolivia,Bolivia,104,,,104,DXCC,🇧🇴,bo,SA,10,CP,85,CP,Bolivia,BOLIVIA,BOLIVIA,BOLIVIA,CP,,,
CT,272,Portugal,Portugal,Portugal,272,,,272,DXCC,🇵🇹,pt,EU,14,CT,86,CT,Portugal,PORTUGAL,PORTUGAL,PORTUGAL,CT,,,
CT3,256,Madeira,Madeira,Madeira,256,,,256,DXCC,🇵🇹,pt,AF,33,CT3,87,CT3,Madeira Is.,MADEIRA IS.,MADEIRA,MADEIRA,CT3,Madeira Island,,
CU,149,Azores,Azores,Azores,149,,,149,DXCC,🇵🇹,pt,EU,14,CU,88,CU,Azores,AZORES,AZORES,AZORES,CU,,,
CX,144,Uruguay,Uruguay,Uruguay,144,,,144,DXCC,🇺🇾,uy,SA,13,"CV, CW, CX",89,CV-CX,Uruguay,URUGUAY,URUGUAY,URUGUAY,CX,,,
CY0,211,Sable I.,Sable Island,Sable I.,211,,,211,DXCC,🇨🇦,ca,NA,5,CY0,90,CY0,Sable I.,SABLE I.,SABLE ISLAND,SABLE ISLAND,CY0,,Sable,
CY9,252,Saint Paul I.,Saint Paul Island,St. Paul I.,252,,,252,DXCC,🇨🇦,ca,NA,5,CY9,91,CY9,St. Paul I.,ST. PAUL I.,SAINT PAUL ISLAND,SAINT PAUL ISLAND,CY9,St Paul Island,Saint Paul,St Paul
D2,401,Angola,Angola,Angola,401,,,401,DXCC,🇦🇴,ao,AF,36,"D2, D3",92,D2-3,Angola,ANGOLA,ANGOLA,ANGOLA,D2,,,
D4,409,Cape Verde,Cape Verde,Cape Verde,409,,,409,DXCC,🇨🇻,cv,AF,35,D4,93,D4,Cape Verde,CAPE VERDE,CAPE VERDE,CAPE VERDE,D4,,,
D6,411,Comoros,Comoros,Comoros,411,,,411,DXCC,🇰🇲,km,AF,39,D6,94,D6,Comoros,COMOROS,COMOROS,COMOROS,D6,,,
DL,230,Germany,Germany,Germany,230,,,230,DXCC,🇩🇪,de,EU,14,"DA, DB, DC, DD, DE, DF, DG, DH, DI, DJ, DK, DL, DM, DN, DO, DP, DQ, DR",95,DA-DR,Fed. Rep. of Germany,FEDERAL REPUBLIC OF GERMANY,GERMANY,GERMANY,DL,,,
DU,375,Philippines,Philippines,Philippines,375,,,375,DXCC,🇵🇭,ph,OC,27,"DU, DV, DW, DX, DY, DZ, 4D, 4E, 4F, 4G, 4H, 4I",96,"DU-DZ, 4D-4I",Philippines,PHILIPPINES,PHILIPPINES,PHILIPPINES,DU,,,
E3,51,Eritrea,Eritrea,Eritrea,51,,,51,DXCC,🇪🇷,er,AF,37,E3,97,E3,Eritrea,ERITREA,ERITREA,ERITREA,E3,,,
E4,510,Palestine,Palestine,Palestine,510,,,510,DXCC,🇵🇸,ps,AS,20,E4,98,E4,Palestine,PALESTINE,PALESTINE,PALESTINE,E4,,,
E5/n,191,North Cook Is.,North Cook Islands,North Cook Is.,191,,,191,DXCC,🇨🇰,ck,OC,32,E5,99,E5,N. Cook Is.,NORTH COOK IS.,NORTH COOK ISLANDS,NORTH COOK ISLANDS,E5/N,,North Cook,
E5/s,234,South Cook Is.,South Cook Islands,South Cook Is.,234,,,234,DXCC,🇨🇰,ck,OC,32,E5,100,E5,S. Cook Is.,SOUTH COOK IS.,SOUTH COOK ISLANDS,SOUTH COOK ISLANDS,E5/S,,South Cook,
E6,188,Niue,Niue,Niue,188,,,188,DXCC,🇳🇺,nu,OC,32,E6,101,E6,Niue,NIUE,NIUE,NIUE,E6,,,
E7,501,Bosnia-Herzegovina,Bosnia-Herzegovina,Bosnia-Herzegovina,501,,,501,DXCC,🇧🇦,ba,EU,15,E7,102,E7,Bosnia-Herzegovina,BOSNIA-HERZEGOVINA,BOSNIA-HERZEGOVINA,BOSNIA-HERZEGOVINA,E7,Bosnia and Herzegovina,Bosnia,
EA,281,Spain,Spain,Spain,281,,,281,DXCC,🇪🇸,es,EU,14,"EA, EB, EC, ED, EE, EF, EG, EH",103,EA-EH,Spain,SPAIN,SPAIN,SPAIN,EA,,,
EA6,21,Balearic Is.,Balearic Islands,Balearic Is.,21,,,21,DXCC,🇪🇸,es,EU,14,"EA6, EB6, EC6, ED6, EE6, EF6, EG6, EH6",104,EA6-EH6,Balearic Is.,BALEARIC IS.,BALEARIC ISLANDS,BALEARIC ISLANDS,EA6,,Balearic,
EA8,29,Canary Is.,Canary Islands,Canary Is.,29,,,29,DXCC,🇪🇸,es,AF,33,"EA8, EB8, EC8, ED8, EE8, EF8, EG8, EH8",105,EA8-EH8,Canary Is.,CANARY IS.,CANARY ISLANDS,CANARY ISLANDS,EA8,,Canary,
EA9,32,Ceuta and Melilla,Ceuta and Melilla,Ceuta & Melilla,32,,,32,DXCC,🇪🇸,es,AF,33,"EA9, EB9, EC9, ED9, EE9, EF9, EG9, EH9",106,EA9-EH9,Ceuta & Melilla,CEUTA & MELILLA,CEUTA AND MELILLA,CEUTA AND MELILLA,EA9,,Ceuta,
EI,245,Ireland,Ireland,Ireland,245,,,245,DXCC,🇮🇪,ie,EU,14,"EI, EJ",107,EI-EJ,Ireland,IRELAND,IRELAND,IRELAND,EI,,,
EK,14,Armenia,Armenia,Armenia,14,,,14,DXCC,🇦🇲,am,AS,21,EK,108,EK,Armenia,ARMENIA,ARMENIA,ARMENIA,EK,,,
EL,434,Liberia,Liberia,Liberia,434,,,434,DXCC,🇱🇷,lr,AF,35,EL,109,EL,Liberia,LIBERIA,LIBERIA,LIBERIA,EL,,,
EP,330,Iran,Iran,Iran,330,,,330,DXCC,🇮🇷,ir,AS,21,"EP, EQ",110,EP,Iran,IRAN,IRAN,IRAN,EP,,,
ER,179,Moldova,Moldova,Moldova,179,,,179,DXCC,🇲🇩,md,EU,16,ER,111,ER,Moldovia,MOLDOVA,MOLDOVA,MOLDOVA,ER,,,
ES,52,Estonia,Estonia,Estonia,52,,,52,DXCC,🇪🇪,ee,EU,15,ES,112,ES,Estonia,ESTONIA,ESTONIA,ESTONIA,ES,,,
ET,53,Ethiopia,Ethiopia,Ethiopia,53,,,53,DXCC,🇪🇹,et,AF,37,ET,113,ET,Ethiopia,ETHIOPIA,ETHIOPIA,ETHIOPIA,ET,,,
EU,27,Belarus,Belarus,Belarus,27,,,27,DXCC,🇧🇾,by,EU,16,"EU, EV, EW",114,EU-EW,Belarus,BELARUS,BELARUS,BELARUS,EU,,,
EX,135,Kyrgyzstan,Kyrgyzstan,Kyrgyzstan,135,,,135,DXCC,🇰🇬,kg,AS,17,EX,115,EX,Kyrgyzstan,KYRGYZSTAN,KYRGYZSTAN,KYRGYZSTAN,EX,,,
EY,262,Tajikistan,Tajikistan,Tajikistan,262,,,262,DXCC,🇹🇯,tj,AS,17,EY,116,EY,Tajikistan,TAJIKISTAN,TAJIKISTAN,TAJIKISTAN,EY,,,
EZ,280,Turkmenistan,Turkmenistan,Turkmenistan,280,,,280,DXCC,🇹🇲,tm,AS,17,EZ,117,EZ,Turkmenistan,TURKMENISTAN,TURKMENISTAN,TURKMENISTAN,EZ,,,
F,227,France,France,France,227,,,227,DXCC,🇫🇷,fr,EU,14,F,118,F,France,FRANCE,FRANCE,FRANCE,F,,,
FG,79,Guadeloupe,Guadeloupe,Guadeloupe,79,,,79,DXCC,🇬🇵,gp,NA,8,"FG, TO",119,"FG, TO",Guadeloupe,GUADELOUPE,GUADELOUPE,GUADELOUPE,FG,,,
FH,169,Mayotte,Mayotte,Mayotte,169,,,169,DXCC,🇾🇹,yt,AF,39,"FH, TO",120,"FH, TO",Mayotte,MAYOTTE,MAYOTTE,MAYOTTE,FH,,,
FJ,516,Saint Barthelemy,Saint Barthélemy,St. Barths,516,,,516,DXCC,🇫🇷,fr,NA,8,"FJ, TO",121,"FJ, TO",St. Barthelemy,SAINT BARTHELEMY,SAINT BARTHÉLEMY,SAINT BARTHÉLEMY,FJ,St. Barthelemy,,
FK,162,New Caledonia,New Caledonia,New Caledonia,162,,,162,DXCC,🇳🇨,nc,OC,32,"FK, TX",122,"FK, TX",New Caledonia,NEW CALEDONIA,NEW CALEDONIA,NEW CALEDONIA,FK,,,
FK/c,512,Chesterfield Is.,Chesterfield Islands,Chesterfield Is.,512,,,512,DXCC,🇳🇨,nc,OC,30,"FK, TX",123,"FK, TX",Chesterfield Is.,CHESTERFIELD IS.,CHESTERFIELD ISLANDS,CHESTERFIELD ISLANDS,FK/C,,Chesterfield,
FM,84,Martinique,Martinique,Martinique,84,,,84,DXCC,🇲🇶,mq,NA,8,"FM, TO",124,"FM, TO",Martinique,MARTINIQUE,MARTINIQUE,MARTINIQUE,FM,,,
FO,175,French Polynesia,French Polynesia,French Polynesia,175,,,175,DXCC,🇵🇫,pf,OC,32,"FO, TX",127,"FO, TX",French Polynesia,FRENCH POLYNESIA,FRENCH POLYNESIA,FRENCH POLYNESIA,FO,,Polynesia,
FO/a,508,Austral Is.,Austral Islands,Austral Is.,508,,,508,DXCC,🇵🇫,pf,OC,32,"FO, TO",125,"FO, TX",Austral I.,AUSTRAL I.,AUSTRAL ISLANDS,AUSTRAL ISLANDS,FO/A,,,
FO/c,36,Clipperton I.,Clipperton Island,Clipperton I.,36,,,36,DXCC,🇵🇫,pf,NA,7,"FO, TX",126,"FO, TX",Clipperton I.,CLIPPERTON I.,CLIPPERTON ISLAND,CLIPPERTON ISLAND,FO/C,,Clipperton,
FO/m,509,Marquesas Is.,Marquesas Islands,Marquesas Is.,509,,,509,DXCC,🇵🇫,pf,OC,31,"FO, TX",128,"FO, TX",Marquesas Is.,MARQUESAS IS.,MARQUESAS ISLANDS,MARQUESAS ISLANDS,FO/M,,Marquesas,
FP,277,Saint Pierre and Miquelon,Saint Pierre and Miquelon,St. Pierre & Miquelon,277,,,277,DXCC,🇵🇲,pm,NA,5,FP,129,FP,St. Pierre & Miquelon,ST. PIERRE & MIQUELON,SAINT PIERRE AND MIQUELON,SAINT PIERRE AND MIQUELON,FP,St Pierre &amp; Miquelon,,
FR,453,Réunion,Réunion,Réunion,453,,,453,DXCC,🇫🇷,fr,AF,39,"FR, TO",132,"FR, TO",Reunion I.,REUNION I.,RÉUNION,RÉUNION,FR,Reunion,,
FS,213,Saint Martin,Saint Martin,St. Martin,213,,,213,DXCC,🇫🇷,fr,NA,8,"FS, TO",134,"FS, TO",Saint Martin,SAINT MARTIN,SAINT MARTIN,SAINT MARTIN,FS,St Martin,,
FT/g,99,Glorioso Is.,Glorioso Islands,Glorioso Is.,99,,,99,DXCC,🇹🇫,tf,AF,39,"FT/G, TO",130,"FT/G, TO",Glorioso Is.,GLORIOSO IS.,GLORIOSO ISLANDS,GLORIOSO ISLANDS,FT/G,,,
FT/j,124,Juan de Nova and Europa Is.,Juan de Nova and Europa Islands,Juan de Nova & Europa Is.,124,,,124,DXCC,🇹🇫,tf,AF,39,"FT/J, E, TO",131,"FT/J, E, TO","Juan de Nova, Europa","JUAN DE NOVA, EUROPA",JUAN DE NOVA AND EUROPA ISLANDS,JUAN DE NOVA AND EUROPA ISLANDS,FT/J,Juan de Nova Island,Juan de Nova,
FT/t,276,Tromelin I.,Tromelin Island,Tromelin I.,276,,,276,DXCC,🇹🇫,tf,AF,39,"FT/T, TO",133,"FT/T, TO",Tromelin I.,TROMELIN I.,TROMELIN ISLAND,TROMELIN ISLAND,FT/T,,Tromelin,
FT/w,41,Crozet Is.,Crozet Islands,Crozet Is.,41,,,41,DXCC,🇹🇫,tf,AF,39,FT/W,135,FT/W,Crozet I.,CROZET I.,CROZET ISLANDS,CROZET ISLANDS,FT5/W,Crozet Island,Crozet,
FT/x,131,Kerguelen Is.,Kerguelen Islands,Kerguelen Is.,131,,,131,DXCC,🇹🇫,tf,AF,39,FT/X,136,FT/X,Kerguelen Is.,KERGUELEN IS.,KERGUELEN ISLANDS,KERGUELEN ISLANDS,FT5/X,,Kerguelen,
FT/z,10,Amsterdam and Saint-Paul Is.,Amsterdam and Saint-Paul Islands,Amsterdam & Saint-Paul Is.,10,,,10,DXCC,🇹🇫,tf,AF,39,FT/Z,137,FT/Z,Amsterdam & St. Paul Is.,AMSTERDAM & ST. PAUL IS.,AMSTERDAM AND SAINT-PAUL ISLANDS,AMSTERDAM AND SAINT-PAUL ISLANDS,FT5Z,Amsterdam and St Paul Islands,,
FW,298,Wallis and Futuna Is.,Wallis and Futuna Islands,Wallis & Futuna Is.,298,,,298,DXCC,🇼🇫,wf,OC,32,FW,138,FW,Wallis & Futuna Is.,WALLIS & FUTUNA IS.,WALLIS AND FUTUNA ISLANDS,WALLIS AND FUTUNA ISLANDS,FW,,Wallis,Futuna
FY,63,French Guiana,French Guiana,French Guiana,63,,,63,DXCC,🇬🇫,gf,SA,9,FY,139,FY,French Guiana,FRENCH GUIANA,FRENCH GUIANA,FRENCH GUIANA,FY,,,
G,223,England,England,England,223,,,223,DXCC,🏴󠁧󠁢󠁥󠁮󠁧󠁿,gb,EU,14,"G, GX, M",140,"G, GX, M",England,ENGLAND,ENGLAND,ENGLAND,G,,,
GD,114,Isle of Man,Isle of Man,Isle of Man,114,,,114,DXCC,🇮🇲,im,EU,14,"GD, GT",141,"GD, GT, MD",Isle of Man,ISLE OF MAN,ISLE OF MAN,ISLE OF MAN,GD,,,
GI,265,Northern Ireland,Northern Ireland,Northern Ireland,265,,,265,DXCC,🏴󠁧󠁢󠁮󠁩󠁲󠁿,xi,EU,14,"GI, GN",142,"GI, GN, MI",Northern Ireland,NORTHERN IRELAND,NORTHERN IRELAND,NORTHERN IRELAND,GI,,,
GJ,122,Jersey,Jersey,Jersey,122,,,122,DXCC,🇯🇪,je,EU,14,"GJ, GH",143,"GJ, GH, MJ",Jersey,JERSEY,JERSEY,JERSEY,GJ,,,
GM,279,Scotland,Scotland,Scotland,279,,,279,DXCC,🏴󠁧󠁢󠁳󠁣󠁴󠁿,gb,EU,14,"GM, GS",144,"GM, GS, MM",Scotland,SCOTLAND,SCOTLAND,SCOTLAND,GM,,,
GM/s,902,Shetland Is.,Shetland Islands,Shetland Is.,279,SI,902,902,WAE,🏴󠁧󠁢󠁳󠁣󠁴󠁿,gb,EU,14,GM/s,145,GM/Shetland,Shetland Is.,,SCOTLAND,SCOTLAND,,,Shetland,
GU,106,Guernsey,Guernsey,Guernsey,106,,,106,DXCC,🇬🇬,gg,EU,14,"GU, GP",146,"GU, GP, MU",Guernsey,GUERNSEY,GUERNSEY,GUERNSEY,GU,,,
GW,294,Wales,Wales,Wales,294,,,294,DXCC,🏴󠁧󠁢󠁷󠁬󠁳󠁿,gb,EU,14,"GW, GC",147,"GW, GC, MW",Wales,WALES,WALES,WALES,GW,,,
H4,185,Solomon Is.,Solomon Islands,Solomon Is.,185,,,185,DXCC,🇸🇧,sb,OC,28,H4,148,H4,Solomon Is.,SOLOMON IS.,SOLOMON ISLANDS,SOLOMON ISLANDS,H4,,Solomon,
H40,507,Temotu Province,Temotu Province,Temotu Province,507,,,507,DXCC,🇸🇧,sb,OC,32,H40,149,H40,Temotu,TEMOTU PROVINCE,TEMOTU PROVINCE,TEMOTU PROVINCE,H40,Temotu,,
HA,239,Hungary,Hungary,Hungary,239,,,239,DXCC,🇭🇺,hu,EU,15,"HA, HG",150,"HA, HG",Hungary,HUNGARY,HUNGARY,HUNGARY,HA,,,
HB,287,Switzerland,Switzerland,Switzerland,287,,,287,DXCC,🇨🇭,ch,EU,14,HB,151,HB,Switzerland,SWITZERLAND,SWITZERLAND,SWITZERLAND,HB,,,
HB0,251,Liechtenstein,Liechtenstein,Liechtenstein,251,,,251,DXCC,🇱🇮,li,EU,14,HB0,152,HB0,Liechtenstein,LIECHTENSTEIN,LIECHTENSTEIN,LIECHTENSTEIN,HB0,,,
HC,120,Ecuador,Ecuador,Ecuador,120,,,120,DXCC,🇪🇨,ec,SA,10,"HC, HD",153,HC-HD,Ecuador,ECUADOR,ECUADOR,ECUADOR,HC,,,
HC8,71,Galápagos Is.,Galápagos Islands,Galápagos Is.,71,,,71,DXCC,🇪🇨,ec,SA,10,"HC8, HD8",154,HC8-HD8,Galapagos Is.,GALAPAGOS IS.,GALÁPAGOS ISLANDS,GALÁPAGOS ISLANDS,HC8,Galapagos Islands,Galapagos,
HH,78,Haiti,Haiti,Haiti,78,,,78,DXCC,🇭🇹,ht,NA,8,HH,155,HH,Haiti,HAITI,HAITI,HAITI,HH,,,
HI,72,Dominican Republic,Dominican Republic,Dominican Republic,72,,,72,DXCC,🇩🇴,do,NA,8,HI,156,HI,Dominican Republic,DOMINICAN REPUBLIC,DOMINICAN REPUBLIC,DOMINICAN REPUBLIC,HI,,,
HK,116,Colombia,Colombia,Colombia,116,,,116,DXCC,🇨🇴,co,SA,9,"HJ, HK, 5J, 5K",157,"HJ-HK, 5J-5K",Colombia,COLOMBIA,COLOMBIA,COLOMBIA,HK,,,
HK0/a,216,San Andrés and Providencia,San Andrés and Providencia,San Andrés & Providencia,216,,,216,DXCC,🇨🇴,co,NA,7,HK0,159,HK0,San Andres & Providencia,SAN ANDRES & PROVIDENCIA,SAN ANDRÉS AND PROVIDENCIA,SAN ANDRÉS AND PROVIDENCIA,HK0S,San Andres and Providencia,San Andres,
HK0/m,161,Malpelo I.,Malpelo Island,Malpelo I.,161,,,161,DXCC,🇨🇴,co,SA,9,HK0,158,HK0,Malpelo I.,MALPELO I.,MALPELO ISLAND,MALPELO ISLAND,HK0/M,,Malpelo,
HL,137,South Korea,South Korea,South Korea,137,,,137,DXCC,🇰🇷,kr,AS,25,"HL, 6K, 6L, 6M, 6N",160,"HL, 6K-6N",Republic of Korea,REPUBLIC OF KOREA,SOUTH KOREA,SOUTH KOREA,HL,,,
HP,88,Panama,Panama,Panama,88,,,88,DXCC,🇵🇦,pa,NA,7,"HO, HP",161,HO-HP,Panama,PANAMA,PANAMA,PANAMA,HP,,,
HR,80,Honduras,Honduras,Honduras,80,,,80,DXCC,🇭🇳,hn,NA,7,"HQ, HR",162,HQ-HR,Honduras,HONDURAS,HONDURAS,HONDURAS,HR,,,
HS,387,Thailand,Thailand,Thailand,387,,,387,DXCC,🇹🇭,th,AS,26,"HS, E2",163,"HS, E2",Thailand,THAILAND,THAILAND,THAILAND,HS,,,
HV,295,Vatican,Vatican,Vatican,295,,,295,DXCC,🇻🇦,va,EU,15,HV,164,HV,Vatican,VATICAN,VATICAN,VATICAN,HV,,,
HZ,378,Saudi Arabia,Saudi Arabia,Saudi Arabia,378,,,378,DXCC,🇸🇦,sa,AS,21,HZ,165,HZ,Saudi Arabia,SAUDI ARABIA,SAUDI ARABIA,SAUDI ARABIA,HZ,,,
I,248,Italy,Italy,Italy,248,,,248,DXCC,🇮🇹,it,EU,15,I,166,I,Italy,ITALY,ITALY,ITALY,I,,,
IG9,903,African Italy,African Italy,African Italy,248,AI,903,903,WAE,🇮🇹,it,EU,33,"IG9, IH9",167,IG9/IH9,African Italy,,ITALY,ITALY,,,,
IS,225,Sardinia,Sardinia,Sardinia,225,,,225,DXCC,🇮🇹,it,EU,15,"IS0, IM0",168,"IS0, IM0",Sardinia,SARDINIA,SARDINIA,SARDINIA,IS0,,,
IT9,904,Sicily,Sicily (Italy),Sicily,248,SY,904,904,WAE,🇮🇹,it,EU,15,IT9,169,IT,Sicily,,ITALY,ITALY,,,,
J2,382,Djibouti,Djibouti,Djibouti,382,,,382,DXCC,🇩🇯,dj,AF,37,J2,170,J2,Djibouti,DJIBOUTI,DJIBOUTI,DJIBOUTI,J2,,,
J3,77,Grenada,Grenada,Grenada,77,,,77,DXCC,🇬🇩,gd,NA,8,J3,171,J3,Grenada,GRENADA,GRENADA,GRENADA,J3,,,
J5,109,Guinea-Bissau,Guinea-Bissau,Guinea-Bissau,109,,,109,DXCC,🇬🇼,gw,AF,35,J5,172,J5,Guinea-Bissau,GUINEA-BISSAU,GUINEA-BISSAU,GUINEA-BISSAU,J5,,,
J6,97,Saint Lucia,Saint Lucia,St. Lucia,97,,,97,DXCC,🇱🇨,lc,NA,8,J6,173,J6,St. Lucia,ST. LUCIA,SAINT LUCIA,SAINT LUCIA,J6,St Lucia,,
J7,95,Dominica,Dominica,Dominica,95,,,95,DXCC,🇩🇲,dm,NA,8,J7,174,J7,Dominica,DOMINICA,DOMINICA,DOMINICA,J7,,,
J8,98,Saint Vincent and the Grenadines,Saint Vincent and the Grenadines,St. Vincent & the Grenadines,98,,,98,DXCC,🇻🇨,vc,NA,8,J8,175,J8,St. Vincent,ST. VINCENT,SAINT VINCENT AND THE GRENADINES,SAINT VINCENT AND THE GRENADINES,J8,St Vincent,,
JA,339,Japan,Japan,Japan,339,,,339,DXCC,🇯🇵,jp,AS,25,"JA, JB, JC, JD, JE, JF, JG, JH, JI, JJ, JK, JL, JM, JN, JO, JP, JQ, JR, JS, 7J, 7K, 7L, 7M, 7N",176,"JA-JS, 7J-7N",Japan,JAPAN,JAPAN,JAPAN,JA,,,
JD/m,177,Minami-Tori-shima,Minami-Tori-shima,Minami-Tori-shima,177,,,177,DXCC,🇯🇵,jp,OC,27,JD1,177,JD1,Minami Torishima,MINAMI TORISHIMA,MINAMI-TORI-SHIMA,MINAMI-TORI-SHIMA,JD/M,Minami Torishima,,
JD/o,192,Ogasawara Is.,Ogasawara Islands,Ogasawara Is.,192,,,192,DXCC,🇯🇵,jp,AS,27,JD1,178,JD1,Ogasawara,OGASAWARA,OGASAWARA ISLANDS,OGASAWARA ISLANDS,JD/O,Ogasawara,,
JT,363,Mongolia,Mongolia,Mongolia,363,,,363,DXCC,🇲🇳,mn,AS,23,"JT, JU, JV",179,JT-JV,Mongolia,MONGOLIA,MONGOLIA,MONGOLIA,JT,,,
JW,259,Svalbard,Svalbard,Svalbard,259,,,259,DXCC,🇸🇯,sj,EU,40,JW,180,JW,Svalbard,SVALBARD,SVALBARD,SVALBARD,JW,,,
JW/b,905,Bear I.,Bear Island,Bear I.,259,BI,905,905,WAE,🇸🇯,sj,EU,40,JW/b,181,JW,Bear Is.,,SVALBARD,SVALBARD,,,,
JX,118,Jan Mayen,Jan Mayen,Jan Mayen,118,,,118,DXCC,🇸🇯,sj,EU,40,JX,182,JX,Jan Mayen,JAN MAYEN,JAN MAYEN,JAN MAYEN,JX,Jan Mayen Island,Jan Mayen,
JY,342,Jordan,Jordan,Jordan,342,,,342,DXCC,🇯🇴,jo,AS,20,JY,183,JY,Jordan,JORDAN,JORDAN,JORDAN,JY,,,
K,291,United States,United States of America,United States,291,,,291,DXCC,🇺🇸,us,NA,"3, 4, 5","K, W, N, AA, AB, AC, AD, AE, AF, AG, AH, AI, AJ, AK",184,"K,W,N,AA-AK",United States of America,UNITED STATES OF AMERICA,UNITED STATES OF AMERICA,UNITED STATES OF AMERICA,K,United States,,
KG4,105,Guantanamo Bay,Guantanamo Bay,Guantanamo Bay,105,,,105,DXCC,🇺🇸,us,NA,8,KG4,185,KG4,Guantanamo Bay,GUANTANAMO BAY,GUANTANAMO BAY,GUANTANAMO BAY,KG4,,Guantanamo,
KH0,166,Mariana Is.,Mariana Islands,Mariana Is.,166,,,166,DXCC,🇲🇵,mp,OC,27,KH0,186,KH0,Mariana Is.,MARIANA IS.,MARIANA ISLANDS,MARIANA ISLANDS,KH0,,,
KH1,20,Howland and Baker Is.,Howland and Baker Islands,Howland & Baker Is.,20,,,20,DXCC,🇺🇲,um,OC,31,KH1,187,KH1,Baker & Howland Is.,BAKER & HOWLAND IS.,HOWLAND AND BAKER ISLANDS,HOWLAND AND BAKER ISLANDS,KH1,Baker and Howland Islands,Baker,
KH2,103,Guam,Guam,Guam,103,,,103,DXCC,🇬🇺,gu,OC,27,KH2,188,KH2,Guam,GUAM,GUAM,GUAM,KH2,,,
KH3,123,Johnston Atoll,Johnston Atoll,Johnston Atoll,123,,,123,DXCC,🇺🇸,us,OC,31,KH3,189,KH3,Johnston I.,JOHNSTON I.,JOHNSTON ATOLL,JOHNSTON ATOLL,KH3,Johnston Island,,
KH4,174,Midway Atoll,Midway Atoll,Midway Atoll,174,,,174,DXCC,🇺🇸,us,OC,31,KH4,190,KH4,Midway I.,MIDWAY I.,MIDWAY ATOLL,MIDWAY ATOLL,KH4,Midway Islands,Midway,
KH5,197,Palmyra and Jarvis Is.,Palmyra and Jarvis Islands,Palmyra & Jarvis Is.,197,,,197,DXCC,🇺🇸,us,OC,31,KH5,191,KH5,Palmyra & Jarvis Is.,PALMYRA & JARVIS IS.,PALMYRA AND JARVIS ISLANDS,PALMYRA AND JARVIS ISLANDS,KH5,"Palmyra, Jarvis Island",Palmyra,
KH6,110,Hawaii,Hawaii,Hawaii,110,,,110,DXCC,🇺🇸,us,OC,31,"KH6, KH7",192,"KH6,7",Hawaii,HAWAII,HAWAII,HAWAII,KH6,,,
KH7K,138,Kure Atoll,Kure Atoll,Kure Atoll,138,,,138,DXCC,🇺🇸,us,OC,31,KH7K,193,KH7K,Kure I.,KURE I.,KURE ATOLL,KURE ATOLL,KH7K,,Kure,
KH8,9,American Samoa,American Samoa,American Samoa,9,,,9,DXCC,🇦🇸,as,OC,32,KH8,194,KH8,American Samoa,AMERICAN SAMOA,AMERICAN SAMOA,AMERICAN SAMOA,KH8,,,
KH8/s,515,Swains I.,Swains Island,Swains I.,515,,,515,DXCC,🇦🇸,as,OC,32,KH8,195,KH8,Swains Island,SWAINS I.,SWAINS ISLAND,SWAINS ISLAND,KH8/S,,Swains,
KH9,297,Wake I.,Wake Island,Wake I.,297,,,297,DXCC,🇺🇸,us,OC,31,KH9,196,KH9,Wake I.,WAKE I.,WAKE ISLAND,WAKE ISLAND,KH9,,Wake,
KL,6,Alaska,Alaska,Alaska,6,,,6,DXCC,🇺🇸,us,NA,1,"KL, AL, NL, WL",197,"KL, AL, NL, WL",Alaska,ALASKA,ALASKA,ALASKA,KL7,,,
KP1,182,Navassa I.,Navassa Island,Navassa I.,182,,,182,DXCC,🇺🇸,us,NA,8,KP1,198,KP1,Navassa I.,NAVASSA I.,NAVASSA ISLAND,NAVASSA ISLAND,KP1,,Navassa,
KP2,285,US Virgin Is.,US Virgin Islands,US Virgin Is.,285,,,285,DXCC,🇻🇮,vi,NA,8,KP2,199,KP2,Virgin Is.,VIRGIN IS.,US VIRGIN ISLANDS,US VIRGIN ISLANDS,KP2,,,
KP4,202,Puerto Rico,Puerto Rico,Puerto Rico,202,,,202,DXCC,🇵🇷,pr,NA,8,"KP3, KP4",200,"KP3,4",Puerto Rico,PUERTO RICO,PUERTO RICO,PUERTO RICO,KP4,,,
KP5,43,Desecheo I.,Desecheo Island,Desecheo I.,43,,,43,DXCC,🇵🇷,pr,NA,8,KP5,201,KP5,Desecheo I.,DESECHEO I.,DESECHEO ISLAND,DESECHEO ISLAND,KP5,,Desecheo,
LA,266,Norway,Norway,Norway,266,,,266,DXCC,🇳🇴,no,EU,14,"LA, LB, LC, LD, LE, LF, LG, LH, LI, LJ, LK, LL, LM, LN",202,LA-LN,Norway,NORWAY,NORWAY,NORWAY,LA,,,
LU,100,Argentina,Argentina,Argentina,100,,,100,DXCC,🇦🇷,ar,SA,13,"LO, LP, LQ, LR, LS, LT, LU, LV, LW",203,LO-LW,Argentina,ARGENTINA,ARGENTINA,ARGENTINA,LU,,,
LX,254,Luxembourg,Luxembourg,Luxembourg,254,,,254,DXCC,🇱🇺,lu,EU,14,LX,204,LX,Luxembourg,LUXEMBOURG,LUXEMBOURG,LUXEMBOURG,LX,,,
LY,146,Lithuania,Lithuania,Lithuania,146,,,146,DXCC,🇱🇹,lt,EU,15,LY,205,LY,Lithuania,LITHUANIA,LITHUANIA,LITHUANIA,LY,,,
LZ,212,Bulgaria,Bulgaria,Bulgaria,212,,,212,DXCC,🇧🇬,bg,EU,20,LZ,206,LZ,Bulgaria,BULGARIA,BULGARIA,BULGARIA,LZ,,,
OA,136,Perú,Perú,Perú,136,,,136,DXCC,🇵🇪,pe,SA,10,"OA, OB, OC",207,OA-OC,Peru,PERU,PERU,PERU,OA,,,
OD,354,Lebanon,Lebanon,Lebanon,354,,,354,DXCC,🇱🇧,lb,AS,20,OD,208,OD,Lebanon,LEBANON,LEBANON,LEBANON,OD,,,
OE,206,Austria,Austria,Austria,206,,,206,DXCC,🇦🇹,at,EU,15,OE,209,OE,Austria,AUSTRIA,AUSTRIA,AUSTRIA,OE,,,
OH,224,Finland,Finland,Finland,224,,,224,DXCC,🇫🇮,fi,EU,15,"OF, OG, OH, OI",210,OF-OI,Finland,FINLAND,FINLAND,FINLAND,OH,,,
OH0,5,Åland Is.,Åland Islands,Åland Is.,5,,,5,DXCC,🇦🇽,ax,EU,15,OH0,211,OH0,Aland Is.,ALAND IS.,ÅLAND ISLANDS,ÅLAND ISLANDS,OH0,Aland Islands,Aland,
OJ0,167,Märket I.,Märket Island,Märket I.,167,,,167,DXCC,,,EU,15,OJ0,212,OJ0,Market Reef,MARKET REEF,MÄRKET ISLAND,MÄRKET ISLAND,OJ0,Market Reef,,
OK,503,Czechia,Czech Republic,Czechia,503,,,503,DXCC,🇨🇿,cz,EU,15,"OK, OL",213,OK-OL,Czech Republic,CZECH REPUBLIC,CZECH REPUBLIC,CZECH REPUBLIC,OK,,Czechia,
OM,504,Slovakia,Slovakia,Slovakia,504,,,504,DXCC,🇸🇰,sk,EU,15,OM,214,OM,Slovak Republic,SLOVAK REPUBLIC,SLOVAKIA,SLOVAKIA,OM,Slovak Republic,,
ON,209,Belgium,Belgium,Belgium,209,,,209,DXCC,🇧🇪,be,EU,14,"ON, OO, OP, OQ, OR, OS, OT",215,ON-OT,Belgium,BELGIUM,BELGIUM,BELGIUM,ON,,,
OX,237,Greenland,Greenland,Greenland,237,,,237,DXCC,🇬🇱,gl,NA,40,OX,216,OX,Greenland,GREENLAND,GREENLAND,GREENLAND,OX,,,
OY,222,Faroe Is.,Faroe Islands,Faroe Is.,222,,,222,DXCC,🇫🇴,fo,EU,14,OY,217,OY,Faroe Is.,FAROE IS.,FAROE ISLANDS,FAROE ISLANDS,OY,,Faroe,
OZ,221,Denmark,Denmark,Denmark,221,,,221,DXCC,🇩🇰,dk,EU,14,"OU, OV, OW, OZ",218,OZ,Denmark,DENMARK,DENMARK,DENMARK,OZ,,,
P2,163,Papua New Guinea,Papua New Guinea,Papua New Guinea,163,,,163,DXCC,🇵🇬,pg,OC,28,P2,219,P2,Papua New Guinea,PAPUA NEW GUINEA,PAPUA NEW GUINEA,PAPUA NEW GUINEA,P2,,,
P4,91,Aruba,Aruba,Aruba,91,,,91,DXCC,🇦🇼,aw,SA,9,P4,220,P4,Aruba,ARUBA,ARUBA,ARUBA,P4,,,
P5,344,D.P.R. of Korea,Democratic People's Republic of Korea,North Korea,344,,,344,DXCC,🇰🇵,kp,AS,25,P5,221,P5,DPR of Korea,DEMOCRATIC PEOPLE'S REP. OF KOREA,DEMOCRATIC PEOPLE'S REPUBLIC OF KOREA,DEMOCRATIC PEOPLE'S REPUBLIC OF KOREA,P5,North Korea,,
PA,263,Netherlands,Netherlands,Netherlands,263,,,263,DXCC,🇳🇱,nl,EU,14,"PA, PB, PC, PD, PE, PF, PG, PH, PI",222,PA-PI,Netherlands,NETHERLANDS,NETHERLANDS,NETHERLANDS,PA,,,
PJ2,517,Curaçao,Curaçao,Curaçao,517,,,517,DXCC,🇨🇼,cw,SA,9,PJ2,223,PJ2,Curacao,CURACAO,CURAÇAO,CURAÇAO,PJ2,Curacao,,
PJ4,520,Bonaire,Bonaire,Bonaire,520,,,520,DXCC,🇧🇶,bq,SA,9,PJ4,224,PJ4,Bonaire,BONAIRE,BONAIRE,BONAIRE,PJ4,,,
PJ5,519,Saba and Sint Eustatius,Saba and Sint Eustatius,Saba & Sint Eustatius,519,,,519,DXCC,🇧🇶,bq,NA,8,"PJ5, PJ6",225,"PJ5, PJ6","Saba, St. Eustatius",SABA & ST. EUSTATIUS,SABA AND SINT EUSTATIUS,SABA AND SINT EUSTATIUS,PJ5,"Saba, St Eustatius",Saba,
PJ7,518,Sint Maarten,Sint Maarten,Sint Maarten,518,,,518,DXCC,🇸🇽,sx,NA,8,PJ7,226,PJ7,Sint Maarten,ST MAARTEN,SINT MAARTEN,SINT MAARTEN,PJ7,St. Maarten,,
PY,108,Brazil,Brazil,Brazil,108,,,108,DXCC,🇧🇷,br,SA,11,"PP, PQ, PR, PS, PT, PU, PV, PW, PX, PY, ZV, ZW, ZX, ZY, ZZ",227,"PP-PY, ZV-ZZ",Brazil,BRAZIL,BRAZIL,BRAZIL,PY,,,
PY0F,56,Fernando de Noronha,Fernando de Noronha,Fernando de Noronha,56,,,56,DXCC,🇧🇷,br,SA,11,"PP0F, PQ0F, PR0F, PS0F, PT0F, PU0F, PV0F, PW0F, PX0F, PY0F",228,PP0-PY0F,Fernando de Noronha,FERNANDO DE NORONHA,FERNANDO DE NORONHA,FERNANDO DE NORONHA,PY0F,,,
PY0S,253,Saint Peter and Saint Paul Is,Saint Peter and Saint Paul Archipelago,St. Peter and St. Paul Is,253,,,253,DXCC,🇧🇷,br,SA,11,"PP0S, PQ0S, PR0S, PS0S, PT0S, PU0S, PV0S, PW0S, PX0S, PY0S",229,PP0-PY0S,St. Peter & St. Paul Rocks,ST. PETER & ST. PAUL ROCKS,SAINT PETER AND SAINT PAUL ARCHIPELAGO,SAINT PETER AND SAINT PAUL ARCHIPELAGO,PY0S,St Peter &amp; St Paul Rocks,,
PY0T,273,Trindade and Martin Vaz,Trindade and Martin Vaz,Trindade & Martin Vaz,273,,,273,DXCC,🇧🇷,br,SA,11,"PP0T, PQ0T, PR0T, PS0T, PT0T, PU0T, PV0T, PW0T, PX0T, PY0T",230,PP0-PY0T,Trindade & Martin Vaz Is.,TRINDADE & MARTIM VAZ IS.,TRINDADE AND MARTIN VAZ,TRINDADE AND MARTIN VAZ,PY0T,Trindade and Martim Vaz Island,,
PZ,140,Suriname,Suriname,Suriname,140,,,140,DXCC,🇸🇷,sr,SA,9,PZ,231,PZ,Suriname,SURINAME,SURINAME,SURINAME,PZ,,,
R1FJ,61,Franz Josef Land,Franz Josef Land,Franz Josef Land,61,,,61,DXCC,🇷🇺,ru,EU,40,R1/F,232,R1/F,Franz Josef Land,FRANZ JOSEF LAND,FRANZ JOSEF LAND,FRANZ JOSEF LAND,R1F,,,
S0,302,Western Sahara,Western Sahara,Western Sahara,302,,,302,DXCC,🇪🇭,eh,AF,33,S0,233,S0,Western Sahara,WESTERN SAHARA,WESTERN SAHARA,WESTERN SAHARA,S0,,,
S2,305,Bangladesh,Bangladesh,Bangladesh,305,,,305,DXCC,🇧🇩,bd,AS,22,S2,234,S2,Bangladesh,BANGLADESH,BANGLADESH,BANGLADESH,S2,,,
S5,499,Slovenia,Slovenia,Slovenia,499,,,499,DXCC,🇸🇮,si,EU,15,S5,235,S5,Slovenia,SLOVENIA,SLOVENIA,SLOVENIA,S5,,,
S7,379,Seychelles,Seychelles,Seychelles,379,,,379,DXCC,🇸🇨,sc,AF,39,S7,236,S7,Seychelles,SEYCHELLES,SEYCHELLES,SEYCHELLES,S7,,,
S9,219,Sao Tome and Principe,Sao Tome and Principe,Sao Tome & Principe,219,,,219,DXCC,🇸🇹,st,AF,36,S9,237,S9,Sao Tome & Principe,SAO TOME & PRINCIPE,SAO TOME AND PRINCIPE,SAO TOME AND PRINCIPE,S9,Sao Tome &amp; Principe,,
SM,284,Sweden,Sweden,Sweden,284,,,284,DXCC,🇸🇪,se,EU,14,"SA, SB, SC, SD, SE, SF, SG, SH, SI, SJ, SK, SL, SM, 7S, 8S",238,"SA-SM, 7S-8S",Sweden,SWEDEN,SWEDEN,SWEDEN,SM,,,
SP,269,Poland,Poland,Poland,269,,,269,DXCC,🇵🇱,pl,EU,15,"SN, SO, SP, SQ, SR",239,SN-SR,Poland,POLAND,POLAND,POLAND,SP,,,
ST,466,Sudan,Sudan,Sudan,466,,,466,DXCC,🇸🇩,sd,AF,34,ST,240,ST,Sudan,SUDAN,SUDAN,SUDAN,ST,,,
SU,478,Egypt,Egypt,Egypt,478,,,478,DXCC,🇪🇬,eg,AF,34,SU,241,SU,Egypt,EGYPT,EGYPT,EGYPT,SU,,,
SV,236,Greece,Greece,Greece,236,,,236,DXCC,🇬🇷,gr,EU,20,"SV, SW, SX, SY, SZ, J4",242,"SV-SZ, J4",Greece,GREECE,GREECE,GREECE,SV,,,
SV/a,180,Mount Athos,Mount Athos,Mount Athos,180,,,180,DXCC,🇬🇷,gr,EU,20,SV/A,243,SV/A,Mount Athos,MOUNT ATHOS,MOUNT ATHOS,MOUNT ATHOS,SV/A,Mt Athos,,
SV5,45,Dodecanese,Dodecanese,Dodecanese,45,,,45,DXCC,🇬🇷,gr,EU,20,"SV5, J45",244,"SV5, J45",Dodecanese,DODECANESE,DODECANESE,DODECANESE,SV5,,,
SV9,40,Crete,Crete,Crete,40,,,40,DXCC,🇬🇷,gr,EU,20,"SV9, J49",245,"SV9, J49",Crete,CRETE,CRETE,CRETE,SV9,,,
T2,282,Tuvalu,Tuvalu,Tuvalu,282,,,282,DXCC,🇹🇻,tv,OC,31,T2,246,T2,Tuvalu,TUVALU,TUVALU,TUVALU,T2,,,
T30,301,Western Kiribati,Gilbert Islands,W. Kiribati,301,,,301,DXCC,🇰🇮,ki,OC,31,T30,247,T30,W. Kiribati (Gilbert Is.),W. KIRIBATI (GILBERT IS. ),WESTERN KIRIBATI,WESTERN KIRIBATI,T30,Kiribati,,
T31,31,Central Kiribati,Phoenix Islands,C. Kiribati,31,,,31,DXCC,🇰🇮,ki,OC,31,T31,248,T31,C. Kiribati (British Phoenix Is.),C. KIRIBATI (BRITISH PHOENIX IS.),CENTRAL KIRIBATI,CENTRAL KIRIBATI,T31,Central Kiribati,,
T32,48,Eastern Kiribati,Line Islands,E. Kiribati,48,,,48,DXCC,🇰🇮,ki,OC,31,T32,249,T32,E. Kiribati (Line Is.),E. KIRIBATI (LINE IS.),EASTERN KIRIBATI,EASTERN KIRIBATI,T32,East Kiribati,,
T33,490,Banaba I.,Banaba Island (Ocean Island),Banaba I.,490,,,490,DXCC,🇰🇮,ki,OC,31,T33,250,T33,Banaba I. (Ocean I.),BANABA I. (OCEAN I.),BANABA ISLAND,BANABA ISLAND,T33,Banaba Island,Banaba,
T5,232,Somalia,Somalia,Somalia,232,,,232,DXCC,🇸🇴,so,AF,37,"T5, 6O",251,"T5, 6O",Somalia,SOMALIA,SOMALIA,SOMALIA,T5,,,
T7,278,San Marino,San Marino,San Marino,278,,,278,DXCC,🇸🇲,sm,EU,15,T7,252,T7,San Marino,SAN MARINO,SAN MARINO,SAN MARINO,T7,,,
T8,22,Palau,Palau,Palau,22,,,22,DXCC,🇵🇼,pw,OC,27,T8,253,T8,Palau,PALAU,PALAU,PALAU,T8,,,
TA,390,Turkey,Turkey,Turkey,390,,,390,DXCC,🇹🇷,tr,AS,20,"TA, TB, TC",254,TA-TC,Turkey,TURKEY,TURKEY,TURKEY,TA,,,
TA1,906,European Turkey,European Turkey,European Turkey,390,ET,906,906,WAE,🇹🇷,tr,EU,20,TA1,255,TA1,European Turkey,,TURKEY,TURKEY,,,,
TF,242,Iceland,Iceland,Iceland,242,,,242,DXCC,🇮🇸,is,EU,40,TF,256,TF,Iceland,ICELAND,ICELAND,ICELAND,TF,,,
TG,76,Guatemala,Guatemala,Guatemala,76,,,76,DXCC,🇬🇹,gt,NA,7,"TG, TD",257,"TG, TD",Guatemala,GUATEMALA,GUATEMALA,GUATEMALA,TG,,,
TI,308,Costa Rica,Costa Rica,Costa Rica,308,,,308,DXCC,🇨🇷,cr,NA,7,"TI, TE",258,"TI, TE",Costa Rica,COSTA RICA,COSTA RICA,COSTA RICA,TI,,,
TI9,37,Cocos I.,Cocos Island,Cocos I.,37,,,37,DXCC,🇨🇷,cr,NA,7,TI9,259,TI9,Cocos I.,COCOS I.,COCOS ISLAND,COCOS ISLAND,TI9,,,
TJ,406,Cameroon,Cameroon,Cameroon,406,,,406,DXCC,🇨🇲,cm,AF,36,TJ,260,TJ,Cameroon,CAMEROON,CAMEROON,CAMEROON,TJ,,,
TK,214,Corsica,Corsica,Corsica,214,,,214,DXCC,🇫🇷,fr,EU,15,TK,261,TK,Corsica,CORSICA,CORSICA,CORSICA,TK,,,
TL,408,Central African Republic,Central African Republic,C. African Republic,408,,,408,DXCC,🇨🇫,cf,AF,36,TL,262,TL,Central Africa,CENTRAL AFRICA,CENTRAL AFRICAN REPUBLIC,CENTRAL AFRICAN REPUBLIC,TL,,CAR,
TN,412,Congo-Brazzaville,Republic of the Congo,Congo-Brazzaville,412,,,412,DXCC,🇨🇬,cg,AF,36,TN,263,TN,Congo (Republic of the),REPUBLIC OF THE CONGO,REPUBLIC OF THE CONGO,REPUBLIC OF THE CONGO,TN,Congo,,
TR,420,Gabon,Gabon,Gabon,420,,,420,DXCC,🇬🇦,ga,AF,36,TR,264,TR,Gabon,GABON,GABON,GABON,TR,,,
TT,410,Chad,Chad,Chad,410,,,410,DXCC,🇹🇩,td,AF,36,TT,265,TT,Chad,CHAD,CHAD,CHAD,TT,,,
TU,428,Côte d'Ivoire,Côte d'Ivoire,Côte d'Ivoire,428,,,428,DXCC,🇨🇮,ci,AF,35,TU,266,TU,Cote d'Ivoire,COTE D'IVOIRE,CÔTE D'IVOIRE,CÔTE D'IVOIRE,TU,Ivory Coast,,
TY,416,Benin,Benin,Benin,416,,,416,DXCC,🇧🇯,bj,AF,35,TY,267,TY,Benin,BENIN,BENIN,BENIN,TY,,,
TZ,442,Mali,Mali,Mali,442,,,442,DXCC,🇲🇱,ml,AF,35,TZ,268,TZ,Mali,MALI,MALI,MALI,TZ,,,
UA,54,European Russia,European Russia,European Russia,54,,,54,DXCC,🇷🇺,ru,EU,16,"UA1, UA2, UA3, UA4, UA5, UA6, UA7, UB1, UB2, UB3, UB4, UB5, UB6, UB7, UC1, UC2, UC3, UC4, UC5, UC6, UC7, UD1, UD2, UD3, UD4, UD5, UD6, UD7, UE1, UE2, UE3, UE4, UE5, UE6, UE7, UF1, UF2, UF3, UF4, UF5, UF6, UF7, UG1, UG2, UG3, UG4, UG5, UG6, UG7, UH1, UH2, UH3, UH4, UH5, UH6, UH7, UI1, UI2, UI3, UI4, UI5, UI6, UI7, RA, RB, RC, RD, RE, RF, RG, RH, RI, RJ, RK, RL, RM, RN, RO, RP, RQ, RR, RS, RT, RU, RV, RW, RX, RY, RZ",269,"UA-UI1,3,4,6 RA-RZ",European Russia,EUROPEAN RUSSIA,EUROPEAN RUSSIA,EUROPEAN RUSSIA,UA,Russia,,
UA2,126,Kaliningrad,Kaliningrad,Kaliningrad,126,,,126,DXCC,🇷🇺,ru,EU,15,"UA2, RA2",270,"UA2, RA2",Kaliningrad,KALININGRAD,KALININGRAD,KALININGRAD,UA2,,,
UA9,15,Asiatic Russia,Asiatic Russia,Asiatic Russia,15,,,15,DXCC,🇷🇺,ru,AS,"16, 17, 18, 19, 23","UA0, UA8, UA9, UB0, UB8, UB9, UC0, UC8, UC9, UD0, UD8, UD9, UE0, UE8, UE9, UF0, UF8, UF9, UG0, UG8, UG9, UH0, UH8, UH9, UI0, UI8, UI9, RA, RB, RC, RD, RE, RF, RG, RH, RI, RJ, RK, RL, RM, RN, RO, RP, RQ, RR, RS, RT, RU, RV, RW, RX, RY, RZ",271,"UA-UI8,9,0 RA-RZ",Asiatic Russia,ASIATIC RUSSIA,ASIATIC RUSSIA,ASIATIC RUSSIA,UA0,,,
UK,292,Uzbekistan,Uzbekistan,Uzbekistan,292,,,292,DXCC,🇺🇿,uz,AS,17,"UJ, UK, UL, UM",272,UJ-UM,Uzbekistan,UZBEKISTAN,UZBEKISTAN,UZBEKISTAN,UJ,,,
UN,130,Kazakhstan,Kazakhstan,Kazakhstan,130,,,130,DXCC,🇰🇿,kz,AS,17,"UN, UO, UP, UQ",273,UN-UQ,Kazakhstan,KAZAKHSTAN,KAZAKHSTAN,KAZAKHSTAN,UN,,,
UR,288,Ukraine,Ukraine,Ukraine,288,,,288,DXCC,🇺🇦,ua,EU,16,"UR, US, UT, UU, UV, UW, UX, UY, UZ, EM, EN, EO",274,"UR-UZ, EM-EO",Ukraine,UKRAINE,UKRAINE,UKRAINE,UR,,,
V2,94,Antigua and Barbuda,Antigua and Barbuda,Antigua & Barbuda,94,,,94,DXCC,🇦🇬,ag,NA,8,V2,275,V2,Antigua & Barbuda,ANTIGUA & BARBUDA,ANTIGUA AND BARBUDA,ANTIGUA AND BARBUDA,V2,,Antigua,
V3,66,Belize,Belize,Belize,66,,,66,DXCC,🇧🇿,bz,NA,7,V3,276,V3,Belize,BELIZE,BELIZE,BELIZE,V3,,,
V4,249,Saint Kitts and Nevis,Saint Kitts and Nevis,St. Kitts & Nevis,249,,,249,DXCC,🇰🇳,kn,NA,8,V4,277,V4,St. Kitts & Nevis,ST. KITTS & NEVIS,SAINT KITTS AND NEVIS,SAINT KITTS AND NEVIS,V4,St Kitts and Nevis,St Kitts,
V5,464,Namibia,Namibia,Namibia,464,,,464,DXCC,🇳🇦,na,AF,38,V5,278,V5,Namibia,NAMIBIA,NAMIBIA,NAMIBIA,V5,,,
V6,173,Micronesia,Micronesia,Micronesia,173,,,173,DXCC,🇫🇲,fm,OC,27,V6,279,V6,Micronesia,MICRONESIA,MICRONESIA,MICRONESIA,V6,,,
V7,168,Marshall Is.,Marshall Islands,Marshall Is.,168,,,168,DXCC,🇲🇭,mh,OC,31,V7,280,V7,Marshall Is.,MARSHALL IS.,MARSHALL ISLANDS,MARSHALL ISLANDS,V7,,,
V8,345,Brunei Darussalam,Brunei Darussalam,Brunei Darussalam,345,,,345,DXCC,🇧🇳,bn,OC,28,V8,281,V8,Brunei Darussalam,BRUNEI DARUSSALAM,BRUNEI DARUSSALAM,BRUNEI DARUSSALAM,V8,Brunei,,
VE,1,Canada,Canada,Canada,1,,,1,DXCC,🇨🇦,ca,NA,"1, 2, 3, 4, 5","VA, VB, VC, VD, VE, VF, VG, VO, VY",282,"VA-VG,VO,VY",Canada,CANADA,CANADA,CANADA,VE,,,
VK,150,Australia,Australia,Australia,150,,,150,DXCC,🇦🇺,au,OC,"29, 30","VK, AX",283,"VK, AX",Australia,AUSTRALIA,AUSTRALIA,AUSTRALIA,VK,,,
VK0H,111,Heard I. and McDonald Is.,Heard Island and McDonald Islands,Heard I. & McDonald Is.,111,,,111,DXCC,🇭🇲,hm,AF,39,VK0,284,VK0,Heard I.,HEARD I.,HEARD ISLAND AND MCDONALD ISLANDS,HEARD ISLAND AND MCDONALD ISLANDS,VK0H,Heard Islands,Heard,
VK0M,153,Macquarie I.,Macquarie Island,Macquarie I.,153,,,153,DXCC,🇦🇺,au,OC,30,VK0,285,VK0,Macquarie I.,MACQUARIE I.,MACQUARIE ISLAND,MACQUARIE ISLAND,VK0M,,Macquaire,
VK9C,38,Cocos (Keeling) Is.,Cocos (Keeling) Islands,Cocos (Keeling) Is.,38,,,38,DXCC,🇨🇨,cc,OC,29,VK9C,286,VK9C,Cocos-Keeling Is.,COCOS (KEELING) IS.,COCOS (KEELING) ISLANDS,COCOS (KEELING) ISLANDS,VK9C,Cocos-Keeling Islands,Cocos,
VK9L,147,Lord Howe I.,Lord Howe Island,Lord Howe I.,147,,,147,DXCC,🇦🇺,au,OC,30,VK9L,287,VK9L,Lord Howe I.,LORD HOWE I.,LORD HOWE ISLAND,LORD HOWE ISLAND,VK9L,,Lord Howe,
VK9M,171,Mellish Reef,Mellish Reef,Mellish Reef,171,,,171,DXCC,🇦🇺,au,OC,30,VK9M,288,VK9M,Mellish Reef,MELLISH REEF,MELLISH REEF,MELLISH REEF,VK9M,,,
VK9N,189,Norfolk I.,Norfolk Island,Norfolk I.,189,,,189,DXCC,🇦🇺,au,OC,32,VK9N,289,VK9N,Norfolk I.,NORFOLK I.,NORFOLK ISLAND,NORFOLK ISLAND,VK9N,,,
VK9W,303,Willis I.,Willis Island,Willis I.,303,,,303,DXCC,🇦🇺,au,OC,30,VK9W,290,VK9W,Willis I.,WILLIS I.,WILLIS ISLAND,WILLIS ISLAND,VK9W,,,
VK9X,35,Christmas I.,Christmas Island,Christmas I.,35,,,35,DXCC,🇨🇽,cx,OC,29,VK9X,291,VK9X,Christmas I.,CHRISTMAS I.,CHRISTMAS ISLAND,CHRISTMAS ISLAND,VK9X,,,
VP2E,12,Anguilla,Anguilla,Anguilla,12,,,12,DXCC,🇦🇮,ai,NA,8,VP2E,292,VP2E,Anguilla,ANGUILLA,ANGUILLA,ANGUILLA,VP2E,,,
VP2M,96,Montserrat,Montserrat,Montserrat,96,,,96,DXCC,🇲🇸,ms,NA,8,VP2M,293,VP2M,Montserrat,MONTSERRAT,MONTSERRAT,MONTSERRAT,VP2M,,,
VP2V,65,British Virgin Is.,British Virgin Islands,British Virgin Is.,65,,,65,DXCC,🇻🇬,vg,NA,8,VP2V,294,VP2V,British Virgin Is.,BRITISH VIRGIN IS.,BRITISH VIRGIN ISLANDS,BRITISH VIRGIN ISLANDS,VP2V,British Virgin Islands,,
VP5,89,Turks and Caicos Is.,Turks and Caicos Islands,Turks & Caicos Is.,89,,,89,DXCC,🇹🇨,tc,NA,8,VP5,295,VP5,Turks & Caicos Is.,TURKS & CAICOS IS.,TURKS AND CAICOS ISLANDS,TURKS AND CAICOS ISLANDS,VP5,Turks and Caicos Islands,,
VP6,172,Pitcairn Is.,Pitcairn Islands,Pitcairn Is.,172,,,172,DXCC,🇵🇳,pn,OC,32,VP6,296,VP6,Pitcairn I.,PITCAIRN I.,PITCAIRN ISLANDS,PITCAIRN ISLANDS,VP6,,Pitcairn,
VP6/d,513,Ducie I.,Ducie Island,Ducie I.,513,,,513,DXCC,🇵🇳,pn,OC,32,VP6,297,VP6,Ducie I.,DUCIE I.,DUCIE ISLAND,DUCIE ISLAND,VP6/D,,Ducie,
VP8,141,Falkland Is.,Falkland Islands,Falkland Is.,141,,,141,DXCC,🇫🇰,fk,SA,13,VP8,298,VP8,Falkland Is.,FALKLAND IS.,FALKLAND ISLANDS,FALKLAND ISLANDS,VP8,,Falkland,
VP8/g,235,South Georgia I.,South Georgia Island,South Georgia I.,235,,,235,DXCC,🇬🇧,gb,SA,13,"VP8, LU",299,"VP8,LU",South Georgia I.,SOUTH GEORGIA I.,SOUTH GEORGIA ISLAND,SOUTH GEORGIA ISLAND,VP8G,South Georgia Islands,,
VP8/h,241,South Shetland Is.,South Shetland Islands,South Shetland Is.,241,,,241,DXCC,🇦🇶,aq,SA,13,"VP8, LU, CE9, HF0, 4K1",302,"VP8,LU,CE9,HF0",South Shetland Is.,SOUTH SHETLAND IS.,SOUTH SHETLAND ISLANDS,SOUTH SHETLAND ISLANDS,VP8H,,,
VP8/o,238,South Orkney Is.,South Orkney Islands,South Orkney Is.,238,,,238,DXCC,🇦🇶,aq,SA,13,"VP8, LU",300,"VP8,LU",South Orkney Is.,SOUTH ORKNEY IS.,SOUTH ORKNEY ISLANDS,SOUTH ORKNEY ISLANDS,VP8O,,,
VP8/s,240,South Sandwich Is.,South Sandwich Islands,South Sandwich Is.,240,,,240,DXCC,🇬🇧,gb,SA,13,"VP8, LU",301,"VP8,LU",South Sandwich Is.,SOUTH SANDWICH IS.,SOUTH SANDWICH ISLANDS,SOUTH SANDWICH ISLANDS,VP8S,,,
VP9,64,Bermuda,Bermuda,Bermuda,64,,,64,DXCC,🇧🇲,bm,NA,5,VP9,303,VP9,Bermuda,BERMUDA,BERMUDA,BERMUDA,VP9,,,
VQ9,33,Chagos Is.,Chagos Islands,Chagos Is.,33,,,33,DXCC,🇮🇴,io,AF,39,VQ9,304,VQ9,Chagos Is.,CHAGOS IS.,CHAGOS ISLANDS,CHAGOS ISLANDS,VQ9,,,
VR,321,Hong Kong,Hong Kong,Hong Kong,321,,,321,DXCC,🇭🇰,hk,AS,24,VR,305,VR,Hong Kong,HONG KONG,HONG KONG,HONG KONG,VR,,,
VU,324,India,India,India,324,,,324,DXCC,🇮🇳,in,AS,22,VU,306,VU,India,INDIA,INDIA,INDIA,VU,,,
VU4,11,Andaman and Nicobar Is.,Andaman and Nicobar Islands,Andaman & Nicobar Is.,11,,,11,DXCC,🇮🇳,in,AS,26,VU4,307,VU4,Andaman & Nicobar Is.,ANDAMAN & NICOBAR IS.,ANDAMAN AND NICOBAR ISLANDS,ANDAMAN AND NICOBAR ISLANDS,VU4,,Andaman,
VU7,142,Lakshadweep,Lakshadweep,Lakshadweep,142,,,142,DXCC,🇮🇳,in,AS,22,VU7,308,VU7,Lakshadweep Is.,LAKSHADWEEP IS.,LAKSHADWEEP,LAKSHADWEEP,VU7,Lakshadweep Islands,,
XE,50,México,México,México,50,,,50,DXCC,🇲🇽,mx,NA,6,"XA, XB, XC, XD, XE, XF, XG, XH, XI",309,XA-XI,Mexico,MEXICO,MEXICO,MEXICO,XE,,,
XF4,204,Revillagigedo Is.,Revillagigedo Islands,Revillagigedo Is.,204,,,204,DXCC,🇲🇽,mx,NA,6,"XA4, XB4, XC4, XD4, XE4, XF4, XG4, XH4, XI4",310,XA4-XI4,Revillagigedo,REVILLAGIGEDO,REVILLAGIGEDO ISLANDS,REVILLAGIGEDO ISLANDS,XF4,,,
XT,480,Burkina Faso,Burkina Faso,Burkina Faso,480,,,480,DXCC,🇧🇫,bf,AF,35,XT,311,XT,Burkina Faso,BURKINA FASO,BURKINA FASO,BURKINA FASO,XT,,,
XU,312,Cambodia,Cambodia,Cambodia,312,,,312,DXCC,🇰🇭,kh,AS,26,XU,312,XU,Cambodia,CAMBODIA,CAMBODIA,CAMBODIA,XU,,,
XW,143,Laos,Laos,Laos,143,,,143,DXCC,🇱🇦,la,AS,26,XW,313,XW,Laos,LAOS,LAOS,LAOS,XW,,,
XX9,152,Macao,Macao,Macao,152,,,152,DXCC,🇲🇴,mo,AS,24,XX9,314,XX9,Macao,MACAO,MACAO,MACAO,XX9,Macau,,
XZ,309,Myanmar,Myanmar,Myanmar,309,,,309,DXCC,🇲🇲,mm,AS,26,"XY, XZ",315,XZ,Myanmar,MYANMAR,MYANMAR,MYANMAR,XZ,Myanmar (Burma),,
YA,3,Afghanistan,Afghanistan,Afghanistan,3,,,3,DXCC,🇦🇫,af,AS,21,"YA, T6",316,"YA, T6",Afghanistan,AFGHANISTAN,AFGHANISTAN,AFGHANISTAN,YA,,,
YB,327,Indonesia,Indonesia,Indonesia,327,,,327,DXCC,🇮🇩,id,OC,28,"YB, YC, YD, YE, YF, YG, YH",317,YB-YH,Indonesia,INDONESIA,INDONESIA,INDONESIA,YB,,,
YI,333,Iraq,Iraq,Iraq,333,,,333,DXCC,🇮🇶,iq,AS,21,YI,318,YI,Iraq,IRAQ,IRAQ,IRAQ,YI,,,
YJ,158,Vanuatu,Vanuatu,Vanuatu,158,,,158,DXCC,🇻🇺,vu,OC,32,YJ,319,YJ,Vanuatu,VANUATU,VANUATU,VANUATU,YJ,,,
YK,384,Syria,Syria,Syria,384,,,384,DXCC,🇸🇾,sy,AS,20,YK,320,YK,Syria,SYRIA,SYRIA,SYRIA,YK,,,
YL,145,Latvia,Latvia,Latvia,145,,,145,DXCC,🇱🇻,lv,EU,15,YL,321,YL,Latvia,LATVIA,LATVIA,LATVIA,YL,,,
YN,86,Nicaragua,Nicaragua,Nicaragua,86,,,86,DXCC,🇳🇮,ni,NA,7,"YN, H6, H7, HT",322,"YN, H6-7, HT",Nicaragua,NICARAGUA,NICARAGUA,NICARAGUA,YN,,,
YO,275,Romania,Romania,Romania,275,,,275,DXCC,🇷🇴,ro,EU,20,"YO, YP, YQ, YR",323,YO-YR,Romania,ROMANIA,ROMANIA,ROMANIA,YO,,,
YS,74,El Salvador,El Salvador,El Salvador,74,,,74,DXCC,🇸🇻,sv,NA,7,"YS, HU",324,"YS, HU",El Salvador,EL SALVADOR,EL SALVADOR,EL SALVADOR,YS,,,
YU,296,Serbia,Serbia,Serbia,296,,,296,DXCC,🇷🇸,rs,EU,15,"YT, YU",325,YT-YU,Serbia,SERBIA,SERBIA,SERBIA,YT,,,
YV,148,Venezuela,Venezuela,Venezuela,148,,,148,DXCC,🇻🇪,ve,SA,9,"YV, YW, YX, YY, 4M",326,"YV-YY, 4M",Venezuela,VENEZUELA,VENEZUELA,VENEZUELA,YV,,,
YV0,17,Aves I.,Aves Island,Aves I.,17,,,17,DXCC,🇻🇪,ve,NA,8,YV0,327,YV0,Aves I.,AVES I.,ISLA DE AVES,ISLA DE AVES,YV0,Aves Island,,
Z2,452,Zimbabwe,Zimbabwe,Zimbabwe,452,,,452,DXCC,🇿🇼,zw,AF,38,Z2,328,Z2,Zimbabwe,ZIMBABWE,ZIMBABWE,ZIMBABWE,Z2,,,
Z3,502,North Macedonia,Republic of North Macedonia,N. Macedonia,502,,,502,DXCC,🇲🇰,mk,EU,15,Z3,329,Z3,North Macedonia,MACEDONIA,NORTH MACEDONIA,NORTH MACEDONIA,Z3,North Macedonia (Republic of),,
Z6,522,Kosovo,Kosovo,Kosovo,522,,,522,DXCC,🇽🇰,xk,EU,15,Z6,330,Z6,Kosovo,REPUBLIC OF KOSOVO,KOSOVO,KOSOVO,Z6,Republic of Kosovo,,
Z8,521,South Sudan,Republic of South Sudan,South Sudan,521,,,521,DXCC,🇸🇸,ss,AF,34,Z8,331,Z8,Republic of South Sudan,SOUTH SUDAN (REPUBLIC OF),SOUTH SUDAN,SOUTH SUDAN,Z8,,,
ZA,7,Albania,Albania,Albania,7,,,7,DXCC,🇦🇱,al,EU,15,ZA,332,ZA,Albania,ALBANIA,ALBANIA,ALBANIA,ZA,,,
ZB,233,Gibraltar,Gibraltar,Gibraltar,233,,,233,DXCC,🇬🇮,gi,EU,14,ZB2,333,ZB2,Gibraltar,GIBRALTAR,GIBRALTAR,GIBRALTAR,ZB2,,,
ZC4,283,UK Sovereign Bases on Cyprus,UK Sovereign Base Areas on Cyprus,UK Bases on Cyprus,283,,,283,DXCC,🇬🇧,gb,AS,20,ZC4,334,ZC4,UK Sov. Base on Cyprus,UK SOVEREIGN BASE AREAS ON CYPRUS,SOVEREIGN BASE AREAS OF AKROTIRI AND DHEKELIA,SOVEREIGN BASE AREAS OF AKROTIRI AND DHEKELIA,ZC4,Cyprus SBA,,
ZD7,250,Saint Helena,Saint Helena,St. Helena,250,,,250,DXCC,🇸🇭,sh,AF,36,ZD7,335,ZD7,St. Helena,ST. HELENA,SAINT HELENA,SAINT HELENA,ZD7,St Helena Island,,
ZD8,205,Ascension I.,Ascension Island,Ascension I.,205,,,205,DXCC,🇸🇭,sh,AF,36,ZD8,336,ZD8,Ascension I.,ASCENSION I.,ASCENSION ISLAND,ASCENSION ISLAND,ZD8,,,
ZD9,274,Tristan da Cunha and Gough Is.,Tristan da Cunha and Gough Islands,Tristan da Cunha & Gough Is.,274,,,274,DXCC,🇸🇭,sh,AF,38,ZD9,337,ZD9,Tristan da Cunha & Gough I.,TRISTAN DA CUNHA & GOUGH I.,TRISTAN DA CUNHA AND GOUGH ISLANDS,TRISTAN DA CUNHA AND GOUGH ISLANDS,ZD9,Tristan da Cunha and Gough Island,,
ZF,69,Cayman Is.,Cayman Islands,Cayman Is.,69,,,69,DXCC,🇰🇾,ky,NA,8,ZF,338,ZF,Cayman Is.,CAYMAN IS.,CAYMAN ISLANDS,CAYMAN ISLANDS,ZF,,,
ZK3,270,Tokelau,Tokelau,Tokelau,270,,,270,DXCC,🇹🇰,tk,OC,31,ZK3,339,ZK3,Tokelau Is.,TOKELAU IS.,TOKELAU,TOKELAU,ZK3,Tokelau Islands,,
ZL,170,New Zealand,New Zealand,New Zealand,170,,,170,DXCC,🇳🇿,nz,OC,32,"ZL, ZM",340,ZL-ZM,New Zealand,NEW ZEALAND,NEW ZEALAND,NEW ZEALAND,ZL,,,
ZL7,34,Chatham Is.,Chatham Islands,Chatham Is.,34,,,34,DXCC,🇳🇿,nz,OC,32,ZL7,341,ZL7,Chatham Is.,CHATHAM IS.,CHATHAM ISLANDS,CHATHAM ISLANDS,ZL7,,,
ZL8,133,Kermadec Is.,Kermadec Islands,Kermadec Is.,133,,,133,DXCC,🇳🇿,nz,OC,32,ZL8,342,ZL8,Kermadec Is.,KERMADEC IS.,KERMADEC ISLANDS,KERMADEC ISLANDS,ZL8,,,
ZL9,16,New Zealand Subantarctic Is.,New Zealand Subantarctic Islands,NZ Subantarctic Is.,16,,,16,DXCC,🇳🇿,nz,OC,32,ZL9,343,ZL9,New Zealand Subantarctic Islands,NEW ZEALAND SUBANTARCTIC ISLANDS,NEW ZEALAND SUBANTARCTIC ISLANDS,NEW ZEALAND SUBANTARCTIC ISLANDS,ZL9,"Auckland, Campbell Islands",,
ZP,132,Paraguay,Paraguay,Paraguay,132,,,132,DXCC,🇵🇾,py,SA,11,ZP,344,ZP,Paraguay,PARAGUAY,PARAGUAY,PARAGUAY,ZP,,,
ZS,462,South Africa,South Africa,South Africa,462,,,462,DXCC,🇿🇦,za,AF,38,"ZR, ZS, ZT, ZU",345,ZR-ZU,South Africa,SOUTH AFRICA,SOUTH AFRICA,SOUTH AFRICA,ZS,,,
ZS8,201,Prince Edward and Marion Is.,Prince Edward and Marion Islands,Prince Edward & Marion Is.,201,,,201,DXCC,🇿🇦,za,AF,38,ZS8,346,ZS8,Prince Edward & Marion Is.,PRINCE EDWARD & MARION IS.,PRINCE EDWARD AND MARION ISLANDS,PRINCE EDWARD AND MARION ISLANDS,ZS8,Prince Edward and Marion Island,,